[{"footer-area-1":["text-2"],"footer-area-2":["text-3"]},{"text":{"2":{"title":"","text":"<h4>Top categories<\/h4>\r\n<div style=\"display: inline-block; width: 85px; height: 1px; background: #31bf34;\"><\/div>\r\n[divider height=\"30\"]\r\n\r\n[one_third]\r\n<ul>\r\n<li style=\"margin-bottom: 20px;\"><i style=\"margin-right: 10px;\" class=\"icon-right-dir themecolor\"><\/i> <a href=\"#\">Lorem ipsum<\/a><\/li>\r\n<li style=\"margin-bottom: 20px;\"><i style=\"margin-right: 10px;\" class=\"icon-right-dir themecolor\"><\/i> <a href=\"#\">Praesent pretium<\/a><\/li>\r\n<li style=\"margin-bottom: 20px;\"><i style=\"margin-right: 10px;\" class=\"icon-right-dir themecolor\"><\/i> <a href=\"#\">Pellentesque<\/a><\/li>\r\n<li style=\"margin-bottom: 20px;\"><i style=\"margin-right: 10px;\" class=\"icon-right-dir themecolor\"><\/i> <a href=\"#\">Aliquam<\/a><\/li>\r\n<li style=\"margin-bottom: 20px;\"><i style=\"margin-right: 10px;\" class=\"icon-right-dir themecolor\"><\/i> <a href=\"#\">Etiam dapibus<\/a><\/li>\r\n<li style=\"margin-bottom: 20px;\"><i style=\"margin-right: 10px;\" class=\"icon-right-dir themecolor\"><\/i> <a href=\"#\">Nunc sit<\/a><\/li>\r\n<li style=\"margin-bottom: 20px;\"><i style=\"margin-right: 10px;\" class=\"icon-right-dir themecolor\"><\/i> <a href=\"#\">Etiam tempor<\/a><\/li>\r\n<\/ul>\r\n[\/one_third]\r\n\r\n[one_third]\r\n<ul>\r\n<li style=\"margin-bottom: 20px;\"><i style=\"margin-right: 10px;\" class=\"icon-right-dir themecolor\"><\/i> <a href=\"#\">Etiam dapibus<\/a><\/li>\r\n<li style=\"margin-bottom: 20px;\"><i style=\"margin-right: 10px;\" class=\"icon-right-dir themecolor\"><\/i> <a href=\"#\">Nunc sit<\/a><\/li>\r\n<li style=\"margin-bottom: 20px;\"><i style=\"margin-right: 10px;\" class=\"icon-right-dir themecolor\"><\/i> <a href=\"#\">Etiam tempor<\/a><\/li>\r\n<li style=\"margin-bottom: 20px;\"><i style=\"margin-right: 10px;\" class=\"icon-right-dir themecolor\"><\/i> <a href=\"#\">Lorem ipsum<\/a><\/li>\r\n<li style=\"margin-bottom: 20px;\"><i style=\"margin-right: 10px;\" class=\"icon-right-dir themecolor\"><\/i> <a href=\"#\">Praesent pretium<\/a><\/li>\r\n<li style=\"margin-bottom: 20px;\"><i style=\"margin-right: 10px;\" class=\"icon-right-dir themecolor\"><\/i> <a href=\"#\">Pellentesque<\/a><\/li>\r\n<li style=\"margin-bottom: 20px;\"><i style=\"margin-right: 10px;\" class=\"icon-right-dir themecolor\"><\/i> <a href=\"#\">Aliquam<\/a><\/li>\r\n<\/ul>\r\n[\/one_third]\r\n\r\n[one_third]\r\n<ul>\r\n<li style=\"margin-bottom: 20px;\"><i style=\"margin-right: 10px;\" class=\"icon-right-dir themecolor\"><\/i> <a href=\"#\">Praesent pretium<\/a><\/li>\r\n<li style=\"margin-bottom: 20px;\"><i style=\"margin-right: 10px;\" class=\"icon-right-dir themecolor\"><\/i> <a href=\"#\">Pellentesque<\/a><\/li>\r\n<li style=\"margin-bottom: 20px;\"><i style=\"margin-right: 10px;\" class=\"icon-right-dir themecolor\"><\/i> <a href=\"#\">Aliquam<\/a><\/li>\r\n<li style=\"margin-bottom: 20px;\"><i style=\"margin-right: 10px;\" class=\"icon-right-dir themecolor\"><\/i> <a href=\"#\">Etiam dapibus<\/a><\/li>\r\n<li style=\"margin-bottom: 20px;\"><i style=\"margin-right: 10px;\" class=\"icon-right-dir themecolor\"><\/i> <a href=\"#\">Nunc sit<\/a><\/li>\r\n<\/ul>\r\n[\/one_third]","filter":false},"3":{"title":"","text":"<h4>About us<\/h4>\r\n<div style=\"display: inline-block; width: 85px; height: 1px; background: #31bf34;\"><\/div>\r\n[divider height=\"30\"]\r\n<p><b>Lorem ipsum dolor sit<\/b> amet pede. Mauris mattis varius. Morbi et malesuada tincidunt, nonummy sed, ullamcorper fringilla, nibh. Cras ut turpis.<\/p>\r\n<p style=\"color: #9f9f9f;\">Aenean nonummy ligula. Etiam ac hendrerit wisi. Morbi egestas, nunc semper id libero.<\/p>\r\n\r\n[divider height=\"20\"]\r\n\r\n<p>\r\n<a style=\"text-decoration: underline;\" href=\"#\">Contact us<\/a>\r\n<a style=\"text-decoration: underline; margin-left: 20px;\" href=\"#\">Write us a message<\/a>\r\n<a style=\"text-decoration: underline; margin-left: 20px;\" href=\"#\">FAQ<\/a>\r\n<\/p>\r\n\r\n[divider height=\"20\"]\r\n\r\n<p style=\"font-size: 30px; line-height: 30px; letter-spacing: 10px;\">\r\n<a style=\"color: #4e71a8;\" href=\"#\"><i class=\"icon-facebook-circled\"><\/i><\/a>\r\n<a style=\"color: #e3411f;\" href=\"#\"><i class=\"icon-gplus-circled\"><\/i><\/a>\r\n<a style=\"color: #1cb7eb;\" href=\"#\"><i class=\"icon-twitter-circled\"><\/i><\/a>\r\n<a style=\"color: #bd081c;\" href=\"#\"><i class=\"icon-pinterest-circled\"><\/i><\/a>\r\n<\/p>","filter":false},"_multiwidget":1}}]