[{"sidebar-diets":["search-2","text-5","widget_mfn_recent_posts-2","categories-2"],"footer-area-1":["text-2"],"footer-area-2":["text-3"],"footer-area-3":["text-4"]},{"search":{"2":{"title":""},"_multiwidget":1},"text":{"5":{"title":"About us","text":"Curabitur et ligula. Ut molestie a, ultricies porta urna. Vestibulum commodo volutpat.","filter":false},"2":{"title":"About us","text":"<ul>\r\n<li style=\"margin-bottom: 7px;\"><i class=\"icon-right-dir\"><\/i> <a href=\"#\">Aenean sollicitudin<\/a><\/li>\r\n<li style=\"margin-bottom: 7px;\"><i class=\"icon-right-dir\"><\/i> <a href=\"#\">Duis sed odio amet<\/a><\/li>\r\n<li style=\"margin-bottom: 7px;\"><i class=\"icon-right-dir\"><\/i> <a href=\"#\">Morbi accumsan velit<\/a><\/li>\r\n<li style=\"margin-bottom: 7px;\"><i class=\"icon-right-dir\"><\/i> <a href=\"#\">Nam nec tellus <\/a><\/li>\r\n<li style=\"margin-bottom: 7px;\"><i class=\"icon-right-dir\"><\/i> <a href=\"#\">Class aptent sociosqu <\/a><\/li>\r\n<li style=\"margin-bottom: 7px;\"><i class=\"icon-right-dir\"><\/i> <a href=\"#\">Mauris erat justo<\/a><\/li>\r\n<\/ul>","filter":false},"3":{"title":"Mission","text":"<div style=\"padding-right: 20%;\"><p><span style=\"font-weight: 700;\">Phasellus metus ac turpis egestas. Vestibulum massa nec odio leo<\/span>, pretium bibendum mi, nec ultrices posuere tristique commodo.<\/p>\r\n<p>Curabitur ultrices eget, bibendum iaculis augue. Aenean sit amet dolor. Maecenas viverra nonummy, mi. Cras rhoncus ut, semper auctor. Nam molestie. Nulla interdum sem at porttitor vel, congue odio lobortis tincidunt in, ornare laoreet. Nam in faucibus tempor.<\/p><\/div>","filter":false},"4":{"title":"Contact","text":"<div style=\"padding-right: 20%;\">\r\n<p><span style=\"font-weight: 700;\">BeDiet<\/span>- Phasellus orci luctus et lacus lorem, tempus tellus. Integer mattis.<\/p>\r\n[divider height=\"5\"]\r\n<p>+61 (0) 3 8376 6284<br> <a href=\"mailto:noreply@envato.com\">noreply@envato.com<\/a><\/p>\r\n[divider height=\"5\"]\r\n<p style=\"font-size: 18px; line-height: 18px; letter-spacing: 10px;\">\r\n<a href=\"#\"><i class=\"icon-facebook\"><\/i><\/a>\r\n<a href=\"#\"><i class=\"icon-gplus\"><\/i><\/a>\r\n<a href=\"#\"><i class=\"icon-twitter\"><\/i><\/a>\r\n<a href=\"#\"><i class=\"icon-vimeo\"><\/i><\/a>\r\n<\/p>\r\n<\/div>","filter":false},"_multiwidget":1},"widget_mfn_recent_posts":{"2":{"title":"Recent posts","count":2,"category":""},"_multiwidget":1},"categories":{"2":{"title":"Categories","count":0,"hierarchical":0,"dropdown":0},"_multiwidget":1}}]