[{"footer-area-1":["text-2"],"footer-area-2":["widget_mfn_recent_posts-2"],"footer-area-3":["categories-2"]},{"text":{"2":{"title":"About us","text":"<div style=\"width: 90%;\">\r\n Nulla imperdiet sit amet magna. Vesti bulum dapibus, mauris nec malesuada fames ac turpis velit, rhoncus eu, luctus et interdum adipiscing wisi. Aliquam erat ac ipsum. Integer aliquam purus.\r\n<\/div>","filter":false},"_multiwidget":1},"widget_mfn_recent_posts":{"2":{"title":"Recent posts","count":2,"category":""},"_multiwidget":1},"categories":{"2":{"title":"Categories","count":0,"hierarchical":0,"dropdown":0},"_multiwidget":1}}]