[{"footer-area-1":["text-2"],"footer-area-2":["text-3"],"footer-area-3":["text-4"]},{"text":{"2":{"title":"","text":"[image src=\"http:\/\/themes.muffingroup.com\/be\/garden2\/wp-content\/uploads\/2017\/05\/home_garden2_footer_logo.png\" border=\"0\"]","filter":false},"3":{"title":"CONTACT WITH US","text":"<p class=\"big\">Quisque nec nunc libero fringilla mollis. Nulla quisorci luctus augue.<\/p>\r\n\r\n<p class=\"big themecolor\">telephone: +61 (0) 3 8376 6284<\/p>\r\n<p class=\"big themecolor\">e-mail: noreply@envato.com<\/p>","filter":false},"4":{"title":"ADDRESS","text":"<p>Morbi nisl risus, consequat tempor vel, sapien. Praesent feugiat. Proin dolor. Vestibulum egestas quam ante nec. Sed lobortis facilisis.<\/p>\r\n\r\n<a href=\"#\">FAQ<\/a> &nbsp;&nbsp;&nbsp; <a href=\"#\">Send us a message<\/a>","filter":false},"_multiwidget":1}}]