[{"footer-area-1":["text-2"],"footer-area-2":["text-3"],"footer-area-3":["text-4"]},{"text":{"2":{"title":"About us","text":"<div style=\"margin-right: 15%;\">\r\n<p>Aliquam nec nunc volutpat laoreet. Nam in faucibus at, fermentum leo at ligula. Mauris leo. Etiam nibh nulla quis tortor. Cum sociis natoque penatibus et lacus sed lacus. In tristique senectus et nisl. Nam at purus. <\/p>\r\n<p><a href=\"#\">Etiam dapibus<\/a><\/p>\r\n[divider height=\"20\"]\r\n\r\n<p style=\"font-size: 28px; line-height: 28px; margin: 0;\">\r\n<a style=\"color: #84766a;\" href=\"#\"><i class=\"icon-facebook-circled\"><\/i><\/a> \r\n<a style=\"color: #84766a;\" href=\"#\"><i class=\"icon-gplus-circled\"><\/i><\/a> \r\n<a style=\"color: #84766a;\" href=\"#\"><i class=\"icon-twitter-circled\"><\/i><\/a> \r\n<a style=\"color: #84766a;\" href=\"#\"><i class=\"icon-pinterest-circled\"><\/i><\/a> \r\n<a style=\"color: #84766a;\" href=\"#\"><i class=\"icon-linkedin-circled\"><\/i><\/a><\/p>\r\n\r\n<\/div>","filter":false},"3":{"title":"Contact with us","text":"<div style=\"margin-right: 15%;\">\r\n<p>Lorem ipsum dolor sit amet leo sodales nulla pulvinar vitae, pellentesque purus, congue fringilla lorem, pretium wisi.<\/p>\r\n\r\n[divider height=\"20\"]\r\n\r\n<ul>\r\n<li style=\"margin-bottom: 10px;\"><i style=\"margin-right: 10px;\" class=\"icon-phone\"><\/i> <span class=\"themecolor\">+61 (0) 3 8376 6284<\/span><\/li>\r\n<li style=\"margin-bottom: 10px;\"><i style=\"margin-right: 10px;\" class=\"icon-email\"><\/i> <a href=\"#\">noreply@envato.com<\/a><\/li>\r\n<\/ul>\r\n<\/div>","filter":false},"4":{"title":"Shortcut links","text":"<ul>\r\n<li style=\"margin-bottom: 10px;\"><i style=\"margin-right: 10px;\" class=\"icon-link\"><\/i> <a href=\"#\">Lorem ipsum<\/a><\/li>\r\n<li style=\"margin-bottom: 10px;\"><i style=\"margin-right: 10px;\" class=\"icon-link\"><\/i> <a href=\"#\">Praesent pretium<\/a><\/li>\r\n<li style=\"margin-bottom: 10px;\"><i style=\"margin-right: 10px;\" class=\"icon-link\"><\/i> <a href=\"#\">Pellentesque<\/a><\/li>\r\n<li style=\"margin-bottom: 10px;\"><i style=\"margin-right: 10px;\" class=\"icon-link\"><\/i> <a href=\"#\">Aliquam<\/a><\/li>\r\n<li style=\"margin-bottom: 10px;\"><i style=\"margin-right: 10px;\" class=\"icon-link\"><\/i> <a href=\"#\">Etiam dapibus<\/a><\/li>\r\n<li style=\"margin-bottom: 10px;\"><i style=\"margin-right: 10px;\" class=\"icon-link\"><\/i> <a href=\"#\">Nunc sit<\/a><\/li>\r\n<\/ul>","filter":false},"_multiwidget":1}}]